사고,기사,시점
익수,폭풍,전
익수,폭풍,후
익수,소낙눈,전
익수,소낙눈,전
수난기타,소낙눈,전
수난기타,소낙눈,후
익수,소낙눈,중
자살기도,달무리,중
수난기타,비,전
수난기타,비,중
수난기타,비,전
수난기타,박무,전
수난기타,비,중
수난기타,박무,중
수난기타,비,후
수난기타,박무,후
차량추락,박무,전
물놀이,연무,전
물놀이,연무,중
익수,박무,전
익수,박무,중
자살기도,박무,전
자살기도,박무,중
자살기도,박무,후
수난기타,박무,전
물놀이,박무,전
수난기타,박무,중
물놀이,박무,중
익수,박무,전
익수,비,전
수난기타,박무,전
수난기타,비,전
수난기타,박무,중
수난기타,비,중
수난기타,박무,후
수난기타,비,후
익수,박무,전
수난기타,비,전
자살기도,박무,중
수난기타,비,후
선박,비,전
선박,박무,전
선박,비,전
선박,박무,전
선박,비,중
선박,박무,중
사체인양,박무,중
수난기타,비,중
수난기타,비,중
차량추락,비,중
익수,박무,전
익수,비,중
물놀이,박무,전
물놀이,비,중
익수,비,전
익수,비,중
익수,비,후
자살기도,비,후
자살기도,비,후
무동력수상레져,박무,전
무동력수상레져,박무,중
선박,비,중
수난기타,뇌전,중
수난기타,비,중
수난기타,뇌전,전
수난기타,비,중
수난기타,뇌전,전
수난기타,비,중
수난기타,뇌전,전
수난기타,비,중
수난기타,뇌전,전
수난기타,비,전
사체인양,폭풍,전
사체인양,폭풍,중
사체인양,폭풍,후
익수,박무,전
익수,박무,전
수난기타,박무,전
수난기타,비,중
수난기타,비,중
수난기타,박무,중
수난기타,연무,중
수난기타,연무,중
수난기타,연무,후
수난기타,연무,후
익수,비,중
수난기타,소나기,전
수난기타,비,후
수난기타,뇌전,후
수난기타,비,중
익수,소나기,전
수난기타,박무,전
수난기타,소나기,후
수난기타,뇌전,전
익수,비,중
수난기타,비,중
선박,박무,중
선박,비,전
선박,비,중
선박,비,후
선박,비,전
선박,비,중
선박,비,후
선박,박무,전
차량추락,박무,전
자살기도,비,중
자살기도,비,중
자살기도,비,중
수난기타,비,후
수난기타,비,중
수난기타,소나기,전
익수,소낙눈,전
익수,소낙성진눈깨비,전
수난기타,소낙눈,전
수난기타,소낙눈,중
익수,비,전
익수,비,중
익수,비,후
자살기도,비,중
선박,박무,전
수난기타,박무,중
수난기타,비,전
수난기타,비,중
수난기타,비,후
자살기도,박무,중
수난기타,비,전
수난기타,박무,전
수난기타,비,중
수난기타,박무,중
수난기타,비,후
수난기타,박무,후
차량추락,박무,전
익수,비,전
익수,박무,전
익수,안개,전
자살기도,박무,전
자살기도,박무,후
익수,소나기,전
수난기타,소나기,전
자살기도,비,중
수난기타,소나기,전
수난기타,비,중
수난기타,비,중
익수,비,중
익수,박무,후
수난기타,박무,후
수난기타,비,중
수난기타,소나기,후
수난기타,폭풍,중
수난기타,폭풍,중
익수,비,후
수난기타,비,후
수난기타,비,후
수난기타,연무,중
익수,비,중
익수,박무,중
수난기타,비,후
수난기타,박무,후
수난기타,비,후
선박,황사,전
수난기타,박무,후
수난기타,황사,전
수난기타,황사,중
수난기타,황사,후
수난기타,안개,전
수난기타,안개,중
수난기타,안개,후
수난기타,황사,전
수난기타,황사,중
차량추락,박무,전
차량추락,박무,중
차량추락,박무,전
익수,비,전
익수,비,후
수난기타,박무,전
수난기타,박무,중
수난기타,박무,후
자살기도,비,전
자살기도,비,중
자살기도,비,후
물놀이,비,전
자살기도,비,전
자살기도,박무,후
자살기도,천둥,후
자살기도,뇌전,후
수난기타,비,전
수난기타,박무,전
물놀이,박무,전
수난기타,박무,전
수난기타,안개,전
선박,박무,전
선박,안개,전
수난기타,박무,전
익수,박무,전
익수,박무,전
익수,박무,후
익수,비,전
수난기타,소나기,전
수난기타,비,전
수난기타,비,전
수난기타,비,후
익수,비,중
자살기도,비,중
자살기도,박무,중
수난기타,폭풍,중
선박,비,중
선박,박무,중
선박,비,후
수난기타,폭풍,중
수난기타,소나기,중
자살기도,폭풍,전
수난기타,박무,중
수난기타,박무,중
익수,비,후
수난기타,황사,중
수난기타,황사,중
익수,박무,전
수난기타,비,중
수난기타,박무,중
익수,비,후
자살기도,박무,중
물놀이,안개비,후
차량추락,박무,중
차량추락,박무,중
익수,비,중
자살기도,비,중
수난기타,박무,중
수난기타,박무,중
자살기도,안개,전
익수,박무,중
수난기타,박무,중
수난기타,비,중
수난기타,비,후
사체인양,박무,전
수난기타,박무,전
익수,소나기,중
수난기타,비,중
수난기타,비,전
자살기도,비,중
자살기도,비,전
익수,비,중
익수,비,전
익수,비,후
자살기도,박무,전
익수,소나기,중
익수,소나기,중
익수,연무,전
익수,연무,전
수난기타,박무,전
수난기타,비,전
수난기타,비,전
수난기타,비,후
물놀이,비,중
수난기타,박무,전
수난기타,박무,전
익수,소나기,후
물놀이,소나기,후
수난기타,비,중
익수,비,후
익수,비,전
익수,비,후
익수,비,전
익수,비,후
익수,폭풍,전
익수,비,전
익수,비,중
물놀이,비,전
수난기타,비,전
수난기타,비,후
수난기타,비,후
기타 수난,소낙눈,후
시설물 침수,소낙눈,전
시설물 침수,소낙눈,후
시설물 침수,소낙눈,전
시설물 침수,소낙눈,중
무동력수상레져,비,후
무동력수상레져,비,중
기타 수난,박무,전
기타 수난,박무,전
기타 수난,박무,전
기타 수난,박무,전
기타 수난,박무,전
무동력수상레져,비,중
무동력수상레져,비,중
수상표류,비,전
기타 수난,비,중
기타 수난,비,중
무동력수상레져,비,전
기타 수난,박무,전
기타 수난,박무,중
기타 수난,박무,전
기타 수난,박무,중
기타 수난,소낙성진눈깨비,전
기타 수난,박무,전
기타 수난,비,후
시설물 침수,박무,중
기타 수난,박무,중
기타 수난,박무,중
기타 수난,박무,중
기타 수난,박무,중
기타 수난,비,전
수상표류,비,전
수상표류,안개,중
수상표류,안개,후
수상표류,안개,전
기타 수난,박무,중
기타 수난,박무,후
기타 수난,박무,전
무동력수상레져,연무,전
물놀이 익수,비,후
기타 수난,비,후
기타 수난,비,후
기타 수난,박무,전
기타 수난,비,후
기타 수난,박무,전
물놀이 익수,비,후
물놀이 익수,박무,전
물놀이 익수,비,후
물놀이 익수,박무,전
물놀이 익수,비,후
물놀이 익수,박무,후
수상표류,비,중
기타 수난,비,중
수상표류,비,전
기타 수난,비,중
기타 수난,박무,중
시설물 침수,비,중
시설물 침수,비,중
시설물 침수,비,중
시설물 침수,비,중
시설물 침수,비,중
시설물 침수,비,중
시설물 침수,비,중
시설물 침수,비,중
시설물 침수,비,중
기타 수난,박무,전
기타 수난,박무,전
어패류 채취 익수,비,후
기타 수난,비,중
계곡·급류사고,비,중
기타 수난,비,중
기타 수난,비,중
기타 수난,박무,중
기타 수난,박무,중
기타 수난,비,중
기타 수난,비,중
기타 수난,비,전
기타 수난,비,전
기타 수난,박무,전
기타 수난,비,전
시설물 침수,진눈깨비,전
기타 수난,비,후
기타 수난,박무,중
기타 수난,비,중
기타 수난,비,전
기타 수난,비,중
기타 수난,연무,전
기타 수난,연무,전
기타 수난,비,전
기타 수난,비,중
기타 수난,연무,전
기타 수난,연무,전
기타 수난,연무,전
기타 수난,연무,전
기타 수난,비,중
기타 수난,박무,중
시설물 침수,박무,중
시설물 침수,안개,중
기타 수난,박무,전
기타 수난,박무,전
기타 수난,박무,전
기타 수난,박무,전
기타 수난,박무,중
기타 수난,비,전
기타 수난,박무,전
시설물 침수,비,중
어패류 채취 익수,박무,중
기타 수난,안개비,중
기타 수난,박무,전
기타 수난,박무,전
기타 수난,박무,전
계곡·급류사고,박무,전
물놀이 익수,박무,후
물놀이 익수,박무,후
기타 수난,비,전
기타 수난,소나기,전
시설물 침수,비,중
시설물 침수,소나기,중
기타 수난,비,중
기타 수난,비,후
기타 수난,비,후
기타 수난,비,전
물놀이 익수,비,후
시설물 침수,비,중
시설물 침수,비,중
차량추락 침수,비,중
차량추락 침수,비,중
시설물 침수,비,중
기타 수난,비,중
어패류 채취 익수,비,중
기타 수난,비,중
기타 수난,박무,중
무동력수상레져,비,후
물놀이 익수,황사,전
시설물 침수,비,후
시설물 침수,비,후
기타 수난,비,중
기타 수난,비,전
기타 수난,비,전
기타 수난,비,전
기타 수난,진눈깨비,중
수상표류,진눈깨비,중
기타 수난,달무리,후
기타 수난,박무,중
기타 수난,박무,중
기타 수난,박무,중
기타 수난,박무,중
기타 수난,박무,중
기타 수난,박무,전
기타 수난,박무,중
기타 수난,박무,전
기타 수난,박무,중
무동력수상레져,박무,중
선박조난,박무,중
기타 수난,박무,전
기타 수난,박무,중
기타 수난,박무,전
기타 수난,박무,중
기타 수난,박무,전
기타 수난,비,후
기타 수난,비,후
시설물 침수,비,전
시설물 침수,비,중
시설물 침수,비,후
안전조치,박무,전
안전조치,박무,중
안전조치,박무,후
안전조치,박무,후
인명구조,박무,중
인명구조,비,중
인명구조,비,중
인명구조,박무,중
시설물 침수,박무,중
시설물 침수,박무,중
야영중 고립,박무,전
야영중 고립,박무,전
기타 수난,박무,중
시설물 침수,박무,중
기타 수난,박무,전
시설물 침수,박무,중
기타 수난,박무,후
시설물 침수,박무,전
기타 수난,박무,중
기타 수난,박무,후
기타 수난,비,전
기타 수난,비,중
기타 수난,박무,전
계곡·급류사고,박무,중
기타 수난,박무,전
계곡·급류사고,박무,중
기타 수난,비,중
시설물 침수,박무,중
계곡·급류사고,비,중
수상표류,비,중
기타 수난,비,전
기타 수난,비,후
기타 수난,비,전
기타 수난,비,후
수상표류,박무,전
기타 수난,박무,전
기타 수난,박무,중
물놀이 익수,비,후
물놀이 익수,비,후
기타 수난,비,후
물놀이 익수,비,중
물놀이 익수,비,중
수상표류,비,중
수상표류,비,중
기타 수난,비,전
계곡·급류사고,비,중
시설물 침수,비,중
기타 수난,비,후
기타 수난,비,후
기타 수난,비,전
기타 수난,비,중
선박조난,비,후
물놀이 익수,비,전
수상표류,눈,후
시설물 침수,비,전
시설물 침수,비,후
기타 수난,진눈깨비,전
